연도	시도	시군구	계열구분	설립구분	남녀구분	지역규모	학교명	주야간	교원수								직원수	학생수	학급수	홈페이지
									계		보통교과담당		전문교과담당		기타					
									계	여자	계	여자	계	여자	계	여자				
2018	서울	종로구	상업고등학교	공립	남여공학	특별/광역시	경기상업고등학교	주간	61	44	17	9	32	26	12	9	4	451	25	http://www.ggc.hs.kr
2018	서울	종로구	상업고등학교	사립	남여공학	특별/광역시	대동세무고등학교	주간	67	21	30	9	28	8	9	4	6	776	30	http://daedong.kr
2018	서울	종로구	상업고등학교	사립	여자	특별/광역시	서일국제경영고등학교	주간	33	20	12	7	14	10	7	3	5	265	14	http://www.seo-il.hs.kr
2018	서울	중구	공업고등학교	공립	남여공학	특별/광역시	성동공업고등학교	주간	90	33	28	15	55	14	7	4	10	856	34	http://www.sdth.hs.kr
2018	서울	중구	공업고등학교	사립	남여공학	특별/광역시	리라아트고등학교	주간	46	14	16	4	26	9	4	1	6	450	18	http://www.lila.hs.kr
2018	서울	중구	공업고등학교	사립	남자	특별/광역시	한양공업고등학교	주간	93	18	35	4	52	13	6	1	11	929	36	http://www.hanyang.hs.kr
2018	서울	중구	상업고등학교	공립	여자	특별/광역시	성동글로벌경영고등학교	주간	64	48	23	16	36	29	5	3	7	695	29	http://www.sdglobal.hs.kr
2018	서울	중구	상업고등학교	사립	여자	특별/광역시	경기여자상업고등학교	주간	33	23	13	9	17	14	3	0	5	380	15	http://www.gggc.hs.kr
2018	서울	중구	상업고등학교	사립	남여공학	특별/광역시	대경상업고등학교	주간	56	23	23	6	25	11	8	6	5	583	24	http://www.daekyeong.hs.kr
2018	서울	용산구	공업고등학교	공립	남여공학	특별/광역시	용산공업고등학교	주간	87	29	19	12	64	15	4	2	11	813	33	http://www.yongsan-th.hs.kr
2018	서울	용산구	공업고등학교	사립	남여공학	특별/광역시	서울디지텍고등학교	주/야간	42	13	13	1	19	6	10	6	7	414	17	http://www.sdh.hs.kr
2018	서울	용산구	상업고등학교	공립	남여공학	특별/광역시	선린인터넷고등학교	주간	85	60	35	21	39	29	11	10	5	910	36	http://www.sunrint.hs.kr
2018	서울	성동구	공업고등학교	공립	남여공학	특별/광역시	서울방송고등학교	주간	63	43	15	12	35	21	13	10	8	529	21	http://www.seb.hs.kr
2018	서울	성동구	공업고등학교	공립	남여공학	특별/광역시	성수공업고등학교	주간	74	25	23	14	43	6	8	5	9	542	27	http://www.sungsu.hs.kr
2018	서울	성동구	상업고등학교	공립	남여공학	특별/광역시	덕수고등학교	주간	110	76	59	38	33	24	18	14	9	965	47	http://www.duksoo.hs.kr
2018	서울	동대문구	공업고등학교	공립	남여공학	특별/광역시	휘경공업고등학교	주간	86	27	27	19	54	8	5	0	13	603	31	http://www.hgt.hs.kr
2018	서울	동대문구	상업고등학교	사립	여자	특별/광역시	정화여자상업고등학교	주간	41	26	17	14	21	11	3	1	5	398	19	http://www.jeonghwa.hs.kr
2018	서울	동대문구	상업고등학교	사립	여자	특별/광역시	해성국제컨벤션고등학교	주간	61	33	21	11	31	18	9	4	6	663	27	http://www.haesung.hs.kr
2018	서울	중랑구	상업고등학교	사립	여자	특별/광역시	송곡관광고등학교	주간	47	26	19	11	20	10	8	5	4	523	21	http://www.sgi.hs.kr
2018	서울	중랑구	상업고등학교	사립	여자	특별/광역시	이화여자대학교병설미디어고등학교	주간	58	36	17	10	28	15	13	11	6	596	24	http://www.ewhamedia.hs.kr
2018	서울	성북구	상업고등학교	사립	남여공학	특별/광역시	고명경영고등학교	주간	43	28	16	7	21	15	6	6	5	329	19	http://www.komyung.hs.kr
2018	서울	성북구	상업고등학교	사립	여자	특별/광역시	동구마케팅고등학교	주간	69	45	29	20	35	22	5	3	6	742	30	http://donggoo.hs.kr
2018	서울	성북구	공업고등학교	공립	남여공학	특별/광역시	서울도시과학기술고등학교	주간	67	24	13	9	48	12	6	3	10	400	21	http://www.sust.hs.kr
2018	서울	강북구	상업고등학교	사립	여자	특별/광역시	성암국제무역고등학교	주간	53	30	25	14	19	10	9	6	5	576	24	http://www.seongam.hs.kr
2018	서울	도봉구	상업고등학교	공립	남여공학	특별/광역시	서울문화고등학교	주간	70	42	19	7	37	25	14	10	6	668	32	http://www.seoulculture.hs.kr
2018	서울	도봉구	실업고등학교	사립	여자	특별/광역시	세그루패션디자인고등학교	주간	57	35	23	8	27	24	7	3	5	525	24	http://www.sfd.hs.kr
2018	서울	노원구	공업고등학교	공립	남여공학	특별/광역시	경기기계공업고등학교	주간	148	43	32	15	86	16	30	12	15	"1,185"	54	http://www.ggmt.hs.kr
2018	서울	노원구	공업고등학교	사립	남자	특별/광역시	광운전자공업고등학교	주간	76	17	27	4	39	9	10	4	8	757	30	http://www.kwangwoon.hs.kr/
2018	서울	노원구	공업고등학교	사립	남여공학	특별/광역시	미래산업과학고등학교	주간	63	13	21	4	31	6	11	3	7	608	24	http://www.mist.hs.kr
2018	서울	노원구	공업고등학교	사립	남여공학	특별/광역시	서울아이티고등학교	주간	73	22	25	4	40	14	8	4	11	757	30	http://www.seoulit.hs.kr
2018	서울	노원구	공업고등학교	사립	여자	특별/광역시	염광여자메디텍고등학교	주간	56	33	23	12	28	19	5	2	10	522	23	http://www.ykm.hs.kr
2018	서울	노원구	공업고등학교	사립	남여공학	특별/광역시	인덕공업고등학교	주간	80	20	24	6	44	9	12	5	9	733	30	http://www.induk.hs.kr
2018	서울	노원구	상업고등학교	사립	남여공학	특별/광역시	동산정보산업고등학교	주간	103	57	45	20	43	28	15	9	6	"1,040"	45	http://www.seouldongsan.hs.kr
2018	서울	노원구	실업고등학교	사립	여자	특별/광역시	영신간호비즈니스고등학교	주간	57	38	24	15	27	18	6	5	6	617	27	http://www.youngshin.hs.kr
2018	서울	은평구	공업고등학교	사립	남여공학	특별/광역시	세명컴퓨터고등학교	주간	62	29	19	8	35	16	8	5	8	616	24	http://www.smc.hs.kr
2018	서울	은평구	공업고등학교	사립	남여공학	특별/광역시	신진과학기술고등학교	주간	68	18	18	6	42	7	8	5	7	611	24	http://www.shinjin.hs.kr
2018	서울	은평구	공업고등학교	사립	남여공학	특별/광역시	은평메디텍고등학교	주간	61	16	19	4	34	8	8	4	10	507	23	http://www.eunpyeong.hs.kr
2018	서울	은평구	상업고등학교	사립	여자	특별/광역시	동명여자정보산업고등학교	주간	37	30	10	7	20	18	7	5	4	363	15	http://www.dmgii.hs.kr
2018	서울	은평구	상업고등학교	사립	여자	특별/광역시	선일이비즈니스고등학교	주간	61	39	24	17	26	18	11	4	6	664	27	http://www.ebiz.hs.kr
2018	서울	은평구	실업고등학교	사립	여자	특별/광역시	선정국제관광고등학교	주간	38	27	14	9	19	16	5	2	5	347	15	http://www.sjt.hs.kr
2018	서울	은평구	실업고등학교	사립	여자	특별/광역시	예일디자인고등학교	주간	55	39	21	15	25	17	9	7	5	614	24	http://www.yale-dh.hs.kr/
2018	서울	마포구	공업고등학교	사립	남여공학	특별/광역시	서울디자인고등학교	주간	80	53	22	12	50	36	8	5	7	787	31	http://www.seodi.hs.kr
2018	서울	마포구	공업고등학교	사립	남여공학	특별/광역시	한세사이버보안고등학교	주간	37	11	12	4	21	6	4	1	7	375	15	http://www.hansei.org
2018	서울	마포구	상업고등학교	사립	여자	특별/광역시	홍익디자인고등학교	주간	36	25	15	9	14	10	7	6	5	406	15	http://www.hid.hs.kr
2018	서울	양천구	상업고등학교	공립	남여공학	특별/광역시	서울금융고등학교	주간	61	47	18	11	31	26	12	10	6	422	27	http://www.seoulfc.hs.kr
2018	서울	양천구	상업고등학교	사립	여자	특별/광역시	대일관광고등학교	주간	52	17	21	5	26	9	5	3	5	574	24	http://www.daeil-tour.hs.kr
2018	서울	양천구	상업고등학교	사립	남여공학	특별/광역시	서울영상고등학교	주간	42	22	17	9	18	9	7	4	5	462	18	http://youngsang.hs.kr
2018	서울	강서구	공업고등학교	공립	남여공학	특별/광역시	강서공업고등학교	주간	64	31	17	8	40	19	7	4	9	584	24	http://gangseo-th.hs.kr
2018	서울	강서구	공업고등학교	사립	남자	특별/광역시	영등포공업고등학교	주간	60	16	17	5	36	9	7	2	9	491	23	http://www.younggong.hs.kr
2018	서울	강서구	상업고등학교	사립	여자	특별/광역시	경복비즈니스고등학교	주간	57	36	17	12	30	20	10	4	7	665	27	http://www.kbb.hs.kr
2018	서울	강서구	상업고등학교	사립	남여공학	특별/광역시	서울항공비즈니스고등학교	주간	75	34	35	13	33	19	7	2	6	759	35	http://www.semin.hs.kr
2018	서울	강서구	상업고등학교	사립	여자	특별/광역시	신정여자상업고등학교	주간	62	34	27	15	28	13	7	6	6	589	29	http://www.shinjung.hs.kr
2018	서울	강서구	상업고등학교	사립	여자	특별/광역시	화곡보건경영고등학교	주간	53	29	24	15	25	11	4	3	5	540	24	http://www.hwagok-gii.hs.kr
2018	서울	구로구	공업고등학교	사립	남여공학	특별/광역시	덕일전자공업고등학교	주간	26	4	9	1	13	2	4	1	4	295	12	http://deogil.hs.kr
2018	서울	구로구	공업고등학교	사립	남여공학	특별/광역시	유한공업고등학교	주간	62	10	21	4	37	5	4	1	7	612	24	http://www.yuhan.hs.kr
2018	서울	구로구	상업고등학교	사립	남여공학	특별/광역시	서서울생활과학고등학교	주간	81	48	34	20	37	21	10	7	5	"1,032"	39	http://ssls.hs.kr
2018	서울	구로구	상업고등학교	사립	여자	특별/광역시	예림디자인고등학교	주간	36	21	14	10	17	9	5	2	4	363	17	http://yerim.hs.kr
2018	서울	금천구	상업고등학교	사립	여자	특별/광역시	동일여자상업고등학교	주간	78	66	23	19	44	38	11	9	6	848	36	http://www.dongil-cd.hs.kr
2018	서울	영등포구	공업고등학교	공립	남여공학	특별/광역시	한강미디어고등학교	주간	70	44	14	9	42	25	14	10	8	606	24	http://www.hangang-ech.hs.kr
2018	서울	동작구	공업고등학교	공립	남여공학	특별/광역시	서울공업고등학교	주간	162	58	38	22	107	26	17	10	13	"1,478"	60	http://www.seoul-th.hs.kr
2018	서울	관악구	상업고등학교	사립	남여공학	특별/광역시	광신정보산업고등학교	주간	38	23	16	10	18	12	4	1	5	344	17	http://kwangshin-i.hs.kr
2018	서울	관악구	상업고등학교	사립	남여공학	특별/광역시	서울관광고등학교	주간	65	36	19	12	38	20	8	4	6	748	30	http://www.seoul-tour.hs.kr
2018	서울	관악구	상업고등학교	사립	여자	특별/광역시	서울여자상업고등학교	주간	65	30	24	10	34	15	7	5	7	774	30	http://www.sys.hs.kr
2018	서울	관악구	상업고등학교	사립	남여공학	특별/광역시	영락유헬스고등학교	주간	44	26	14	6	20	13	10	7	5	381	18	http://youngnak-c.hs.kr
2018	서울	관악구	공업고등학교	사립	여자	특별/광역시	미림여자정보과학고등학교	주간	46	16	19	6	24	10	3	0	6	349	18	http://www.e-mirim.hs.kr
2018	서울	서초구	공업고등학교	공립	남여공학	특별/광역시	서울전자고등학교	주간	67	43	17	12	44	27	6	4	8	449	24	http://e-seoul.hs.kr
2018	서울	강남구	공업고등학교	사립	남자	특별/광역시	단국공업고등학교	주간	38	7	11	3	23	3	4	1	7	291	15	http://www.dankook.hs.kr
2018	서울	강남구	공업고등학교	사립	남여공학	특별/광역시	대진디자인고등학교	주간	69	28	22	10	38	14	9	4	9	684	27	http://www.daejindesign.hs.kr
2018	서울	강남구	공업고등학교	공립	남여공학	특별/광역시	서울로봇고등학교	주간	72	35	18	12	46	19	8	4	8	457	24	http://www.seoulrobot.hs.kr/
2018	서울	강남구	공업고등학교	사립	남여공학	특별/광역시	수도전기공업고등학교	주간	90	26	27	8	49	7	14	11	10	598	30	http://www.sudo.hs.kr
2018	서울	송파구	공업고등학교	공립	남여공학	특별/광역시	송파공업고등학교	주간	74	36	17	7	40	16	17	13	8	575	27	http://www.songpa-th.hs.kr
2018	서울	송파구	상업고등학교	사립	여자	특별/광역시	일신여자상업고등학교	주간	91	33	42	10	41	21	8	2	6	"1,096"	44	http://www.ilshin.hs.kr
2018	서울	강동구	공업고등학교	사립	남여공학	특별/광역시	상일미디어고등학교	주간	70	29	23	10	39	13	8	6	7	793	31	http://www.sangilmedia.hs.kr
2018	서울	강동구	상업고등학교	사립	남여공학	특별/광역시	서울컨벤션고등학교	주간	65	34	30	17	28	13	7	4	6	767	30	http://www.seoul-chs.hs.kr
2018	부산	중구	공업고등학교	사립	남여공학	특별/광역시	부산디지털고등학교	주간	48	7	21	3	21	2	6	2	8	367	21	http://digital.hs.kr
2018	부산	서구	공업고등학교	사립	남여공학	특별/광역시	경성전자고등학교	주간	48	14	18	4	25	7	5	3	9	464	21	http://kse.hs.kr
2018	부산	서구	공업고등학교	사립	남여공학	특별/광역시	알로이시오전자기계고등학교	주간	0	0	0	0	0	0	0	0	0	0	0	http://www.aloysius.hs.kr
2018	부산	서구	가사고등학교	사립	남여공학	특별/광역시	부산관광고등학교	주간	54	24	26	10	19	9	9	5	5	572	24	http://www.bstour.hs.kr
2018	부산	동구	상업고등학교	사립	남여공학	특별/광역시	부산컴퓨터과학고등학교	주간	66	32	26	15	34	14	6	3	6	726	31	http://www.pcs.hs.kr
2018	부산	영도구	상업고등학교	공립	남여공학	특별/광역시	부산영상예술고등학교	주간	52	36	20	14	25	17	7	5	9	469	22	http://visual.hs.kr/
2018	부산	영도구	상업고등학교	사립	남여공학	특별/광역시	부산보건고등학교	주간	56	19	26	9	24	7	6	3	6	542	26	http://busanhc.com
2018	부산	영도구	해양고등학교	국립	남여공학	특별/광역시	부산해사고등학교	주간	60	25	23	12	28	6	9	7	22	466	24	http://www.maritime.hs.kr
2018	부산	부산진구	공업고등학교	공립	남여공학	특별/광역시	경남공업고등학교	주간	79	42	25	18	37	13	17	11	15	786	34	http://www.knt.hs.kr
2018	부산	부산진구	공업고등학교	사립	남자	특별/광역시	동의공업고등학교	주간	48	16	18	8	23	6	7	2	8	485	21	http://www.dongeui-tech.hs.kr
2018	부산	부산진구	상업고등학교	공립	여자	특별/광역시	부산진여자상업고등학교	주간	61	42	25	20	27	14	9	8	8	607	26	http://jin.hs.kr/
2018	부산	부산진구	상업고등학교	사립	여자	특별/광역시	부산마케팅고등학교	주간	66	31	24	9	34	17	8	5	6	712	30	http://www.marketing.hs.kr
2018	부산	부산진구	상업고등학교	사립	남여공학	특별/광역시	부산정보고등학교	주간	71	37	27	12	30	14	14	11	5	719	31	http://psinfo.hs.kr
2018	부산	부산진구	상업고등학교	사립	남여공학	특별/광역시	세정상업고등학교	주간	53	29	25	12	23	15	5	2	5	549	24	http://www.sejeong.hs.kr
2018	부산	동래구	농림업고등학교	공립	남여공학	특별/광역시	동래원예고등학교	주간	55	38	19	11	23	17	13	10	10	525	24	http://wonyea.hs.kr/
2018	부산	동래구	공업고등학교	공립	남여공학	특별/광역시	부산전자공업고등학교	주간	77	35	27	17	34	6	16	12	11	774	35	http://kumgang.hs.kr/
2018	부산	남구	공업고등학교	공립	남여공학	특별/광역시	부산공업고등학교	주간	77	34	26	19	36	5	15	10	12	782	35	http://pusan-th.hs.kr
2018	부산	남구	공업고등학교	사립	남여공학	특별/광역시	대양전자통신고등학교	주간	54	17	20	5	27	7	7	5	10	553	24	http://www.daeyang.hs.kr
2018	부산	남구	공업고등학교	사립	남여공학	특별/광역시	부산항만물류고등학교	주간	49	7	22	4	23	2	4	1	9	456	22	http://bpl.hs.kr/
2018	부산	남구	상업고등학교	사립	남여공학	특별/광역시	부산경영고등학교	주간	44	30	16	11	23	15	5	4	4	337	19	http://bb.hs.kr
2018	부산	남구	상업고등학교	사립	남여공학	특별/광역시	부산세무고등학교	주간	65	44	27	19	29	20	9	5	6	671	30	http://dyih.hs.kr
2018	부산	해운대구	공업고등학교	공립	남자	특별/광역시	해운대공업고등학교	주간	58	23	20	12	28	5	10	6	10	548	23	http://www.hudt.hs.kr
2018	부산	해운대구	가사고등학교	사립	여자	특별/광역시	부산문화여자고등학교	주간	55	36	23	10	24	21	8	5	5	598	27	http://bs-moonhwa.hs.kr/
2018	부산	해운대구	가사고등학교	사립	남여공학	특별/광역시	성심보건고등학교	주간	54	30	21	9	26	16	7	5	5	486	25	http://sungsim-ms.hs.kr
2018	부산	해운대구	가사고등학교	사립	남여공학	특별/광역시	해운대관광고등학교	주간	54	27	25	10	25	16	4	1	5	614	26	http://www.h-tour.hs.kr
2018	부산	해운대구	공업고등학교	국립	남자	특별/광역시	부산기계공업고등학교	주간	119	40	38	24	69	10	12	6	49	904	45	http://www.bmt.hs.kr
2018	부산	사하구	공업고등학교	사립	남여공학	특별/광역시	대광발명과학고등학교	주간	33	5	14	2	14	2	5	1	5	256	14	http://www.daegwang.hs.kr
2018	부산	사하구	공업고등학교	사립	남여공학	특별/광역시	동아공업고등학교	주간	49	18	18	7	23	9	8	2	9	531	22	http://donga-tec.hs.kr
2018	부산	사하구	공업고등학교	사립	남여공학	특별/광역시	부일전자디자인고등학교	주간	48	23	19	11	24	11	5	1	9	501	21	http://www.buil.hs.kr
2018	부산	사하구	공업고등학교	공립	남자	특별/광역시	부산자동차고등학교	주간	54	26	17	13	27	6	10	7	9	341	18	http://www.automotive.hs.kr
2018	부산	금정구	공업고등학교	사립	남자	특별/광역시	금정전자공업고등학교	주간	48	11	22	6	21	4	5	1	8	507	22	http://kumjong.hs.kr
2018	부산	금정구	공업고등학교	사립	남여공학	특별/광역시	대진전자통신고등학교	주간	67	18	25	7	35	10	7	1	11	735	31	http://www.pdj.hs.kr
2018	부산	금정구	가사고등학교	사립	남여공학	특별/광역시	부산정보관광고등학교	주간	54	21	17	3	29	13	8	5	5	600	25	http://www.pusan-ith.hs.kr/
2018	부산	강서구	공업고등학교	공립	남여공학	특별/광역시	부산산업과학고등학교	주간	37	20	14	8	17	8	6	4	7	169	13	http://www.pusan-ish.hs.kr
2018	부산	연제구	상업고등학교	사립	여자	특별/광역시	계성여자상업고등학교	주간	50	21	22	8	23	11	5	2	5	516	23	http://gyeseong-gc.hs.kr
2018	부산	수영구	상업고등학교	사립	여자	특별/광역시	부산여자상업고등학교	주간	67	34	29	19	27	9	11	6	6	717	31	http://psgch.hs.kr
2018	부산	사상구	공업고등학교	공립	남여공학	특별/광역시	부산에너지과학고등학교	주간	56	24	19	12	28	6	9	6	10	532	25	http://www.energy.hs.kr
2018	대구	중구	공업고등학교	사립	남여공학	특별/광역시	경북공업고등학교	주간	73	14	27	6	40	6	6	2	11	894	33	http://www.gyeongbuk.hs.kr
2018	대구	동구	공업고등학교	공립	남자	특별/광역시	대구공업고등학교	주간	117	37	37	21	69	13	11	3	11	"1,135"	45	http://www.tktech.hs.kr
2018	대구	동구	공업고등학교	사립	남여공학	특별/광역시	조일고등학교	주간	69	9	27	2	31	1	11	6	13	492	28	http://www.choil.hs.kr
2018	대구	동구	가사고등학교	사립	남여공학	특별/광역시	대구관광고등학교	주간	77	38	30	13	40	21	7	4	6	847	36	http://www.dgit.hs.kr
2018	대구	동구	공업고등학교	공립	남여공학	특별/광역시	대구일마이스터고등학교	주간	54	19	16	12	29	3	9	4	10	338	18	http://www.dgmeister.hs.kr
2018	대구	서구	공업고등학교	공립	남여공학	특별/광역시	대구서부공업고등학교	주간	91	33	27	17	46	7	18	9	13	784	39	http://www.seoboo.hs.kr
2018	대구	남구	공업고등학교	사립	남자	특별/광역시	경상공업고등학교	주간	104	19	37	13	54	2	13	4	9	"1,270"	48	http://www.kyeongsang-th.hs.kr
2018	대구	남구	상업고등학교	사립	여자	특별/광역시	경북여자상업고등학교	주/야간	60	26	20	8	31	14	9	4	5	701	26	http://gbgc.kr
2018	대구	남구	상업고등학교	사립	여자	특별/광역시	대구여자상업고등학교	주간	72	38	29	16	30	12	13	10	6	796	30	http://www.daegu-gch.hs.kr
2018	대구	북구	공업고등학교	사립	남여공학	특별/광역시	대중금속공업고등학교	주간	39	6	12	1	22	3	5	2	8	396	15	http://www.daejung.hs.kr
2018	대구	수성구	공업고등학교	사립	남여공학	특별/광역시	영남공업고등학교	주간	125	28	56	19	60	6	9	3	14	"1,451"	57	http://www.ynth.hs.kr
2018	대구	수성구	농림업고등학교	공립	남여공학	특별/광역시	대구농업마이스터고등학교	주간	72	49	14	10	33	19	25	20	15	494	24	http://www.dma.hs.kr
2018	대구	달서구	공업고등학교	공립	남자	특별/광역시	대구달서공업고등학교	주간	83	31	32	19	43	8	8	4	11	880	36	http://www.dalgong.hs.kr
2018	대구	달서구	공업고등학교	공립	남여공학	특별/광역시	대구전자공업고등학교	주간	73	26	21	12	39	7	13	7	9	807	33	http://www.daegu-eth.hs.kr/
2018	대구	달서구	상업고등학교	공립	여자	특별/광역시	대구제일여자상업고등학교	주간	68	47	19	12	36	25	13	10	4	720	27	http://www.jeil.hs.kr/
2018	대구	달서구	가사고등학교	사립	여자	특별/광역시	대구보건고등학교	주간	82	52	31	10	46	38	5	4	6	991	39	http://www.dg-health.hs.kr
2018	대구	달서구	가사고등학교	사립	남여공학	특별/광역시	상서고등학교	주간	102	68	40	21	53	41	9	6	7	"1,182"	45	http://www.sangsuh.hs.kr
2018	대구	달서구	공업고등학교	공립	남자	특별/광역시	경북기계공업고등학교	주간	131	38	35	20	79	11	17	7	14	891	45	http://www.gbgigong.hs.kr/
2018	대구	달성군	상업고등학교	공립	남여공학	면지역	대구소프트웨어고등학교	주간	29	13	7	3	11	4	11	6	4	177	9	http://www.dgsw.hs.kr
2018	인천	중구	공업고등학교	공립	남자	특별/광역시	인천정보산업고등학교	주간	92	55	24	16	48	22	20	17	8	945	39	http://www.incheon-ii.icehs.kr/
2018	인천	중구	상업고등학교	공립	남여공학	특별/광역시	영종국제물류고등학교	주간	30	20	8	6	13	8	9	6	4	242	9	http://yjil.icehs.kr
2018	인천	중구	상업고등학교	공립	여자	특별/광역시	인천여자상업고등학교	주간	79	65	25	23	50	40	4	2	3	981	36	http://igc.icehs.kr
2018	인천	중구	상업고등학교	사립	여자	특별/광역시	인천중앙여자상업고등학교	주간	51	31	20	14	24	12	7	5	4	667	24	http://ija.icehs.kr
2018	인천	중구	해양고등학교	국립	남여공학	특별/광역시	인천해사고등학교	주간	51	21	17	9	27	8	7	4	21	355	18	http://inm.hs.kr
2018	인천	동구	공업고등학교	사립	남자	특별/광역시	재능고등학교	주간	72	14	26	4	36	8	10	2	8	838	30	http://jn.icehs.kr
2018	인천	동구	상업고등학교	사립	여자	특별/광역시	영화관광경영고등학교	주간	61	42	24	13	28	24	9	5	4	807	30	http://younghwa.icehs.kr
2018	인천	남구	공업고등학교	공립	남자	특별/광역시	도화기계공업고등학교	주간	85	27	23	14	50	5	12	8	8	798	37	http://www.dohwa.icehs.kr
2018	인천	남구	공업고등학교	공립	남자	특별/광역시	인천기계공업고등학교	주간	112	41	30	20	56	8	26	13	9	"1,181"	44	http://ingigong.icehs.kr
2018	인천	남구	공업고등학교	공립	남자	특별/광역시	인천하이텍고등학교	주간	64	27	18	11	34	8	12	8	8	267	23	http://iht.icehs.kr
2018	인천	남구	공업고등학교	사립	남여공학	특별/광역시	정석항공과학고등학교	주간	55	11	18	6	30	2	7	3	8	668	24	http://www.jungseok-at.kr
2018	인천	남구	상업고등학교	공립	여자	특별/광역시	문학정보고등학교	주간	69	57	31	26	30	25	8	6	5	750	31	http://munhak.icehs.kr
2018	인천	남구	상업고등학교	공립	여자	특별/광역시	인천비즈니스고등학교	주간	68	50	24	19	32	22	12	9	3	675	29	http://www.ibg.icehs.kr
2018	인천	남구	공업고등학교	공립	남여공학	특별/광역시	인천전자마이스터고등학교	주간	80	39	17	13	48	16	15	10	11	473	24	http://intec.icehs.kr
2018	인천	연수구	공업고등학교	공립	여자	특별/광역시	인천뷰티예술고등학교	주간	65	54	16	12	32	29	17	13	6	656	26	http://ibas.icehs.kr
2018	인천	연수구	공업고등학교	공립	남자	특별/광역시	청학공업고등학교	주간	73	24	19	10	41	5	13	9	6	677	30	http://cht.icehs.kr
2018	인천	연수구	수산고등학교	공립	남자	특별/광역시	인천해양과학고등학교	주간	72	31	25	13	42	15	5	3	9	525	27	http://mars.icehs.kr
2018	인천	연수구	실업고등학교	공립	남여공학	특별/광역시	인천생활과학고등학교	주간	63	53	19	14	35	33	9	6	4	695	26	http://www.ips.icehs.kr
2018	인천	남동구	상업고등학교	사립	여자	특별/광역시	인천금융고등학교	주간	58	30	23	11	28	15	7	4	6	764	28	http://finance.icehs.kr
2018	인천	부평구	공업고등학교	공립	남자	특별/광역시	부평공업고등학교	주간	71	22	22	11	37	4	12	7	6	845	32	http://pth.icehs.kr
2018	인천	부평구	공업고등학교	공립	여자	특별/광역시	인천미래생활고등학교	주간	70	35	23	13	38	15	9	7	6	558	30	http://www.icl.icehs.kr
2018	인천	부평구	공업고등학교	사립	남여공학	특별/광역시	인평자동차고등학교	주간	42	12	14	6	22	3	6	3	5	502	18	http://www.inpyung.hs.kr
2018	인천	계양구	공업고등학교	공립	남자	특별/광역시	계산공업고등학교	주간	77	31	24	15	44	13	9	3	7	854	32	http://www.iks.icehs.kr
2018	인천	서구	공업고등학교	공립	남여공학	특별/광역시	인천디자인고등학교	주간	77	53	23	12	39	29	15	12	6	843	32	http://indigo.icehs.kr
2018	인천	서구	공업고등학교	사립	남여공학	특별/광역시	한국주얼리고등학교	주간	29	11	13	4	13	6	3	1	6	317	12	http://www.koreajewelry.icehs.kr
2018	인천	서구	상업고등학교	사립	여자	특별/광역시	인천보건고등학교	주간	51	30	20	8	24	18	7	4	4	610	24	http://ihealth.icehs.kr
2018	인천	서구	상업고등학교	사립	여자	특별/광역시	인천세무고등학교	주간	63	38	27	17	27	15	9	6	6	824	30	http://itax.icehs.kr
2018	인천	강화군	공업고등학교	공립	남여공학	면지역	강남영상미디어고등학교	주간	36	19	15	7	11	6	10	6	6	239	12	http://www.kangnam.icehs.kr
2018	광주	남구	공업고등학교	사립	남여공학	특별/광역시	동일미래과학고등학교	주간	72	28	36	13	31	13	5	2	6	902	34	http://www.k-dongil.hs.kr
2018	광주	남구	상업고등학교	사립	여자	특별/광역시	광주여자상업고등학교	주간	40	21	18	11	19	9	3	1	5	516	18	http://www.kjgc-g.hs.kr
2018	광주	남구	상업고등학교	사립	여자	특별/광역시	송원여자상업고등학교	주간	52	27	22	9	25	16	5	2	5	644	24	http://www.songwon-gc.hs.kr
2018	광주	북구	농림업고등학교	공립	남여공학	특별/광역시	광주자연과학고등학교	주간	59	39	23	15	27	19	9	5	4	617	25	http://www.kns.hs.kr
2018	광주	북구	공업고등학교	공립	남여공학	특별/광역시	광주공업고등학교	주간	119	46	32	22	57	9	30	15	6	"1,167"	44	http://www.gt.hs.kr
2018	광주	북구	공업고등학교	사립	남여공학	특별/광역시	금파공업고등학교	주간	52	8	17	3	31	4	4	1	5	656	24	http://kumpa.hs.kr
2018	광주	북구	상업고등학교	사립	여자	특별/광역시	전남여자상업고등학교	주간	53	28	26	15	24	12	3	1	5	678	24	http://www.cgch.org
2018	광주	광산구	공업고등학교	공립	남여공학	특별/광역시	광주전자공업고등학교	주간	105	50	30	19	52	17	23	14	7	"1,126"	43	http://www.get.hs.kr
2018	광주	광산구	공업고등학교	공립	남여공학	특별/광역시	전남공업고등학교	주간	97	41	32	19	49	13	16	9	7	"1,075"	40	http://www.kiram.hs.kr
2018	광주	광산구	공업고등학교	공립	남여공학	특별/광역시	광주소프트웨어마이스터고등학교	주간	51	31	17	11	26	16	8	4	4	335	17	http://gsm.hs.kr/
2018	광주	광산구	실업고등학교	공립	남여공학	특별/광역시	광주자동화설비공업고등학교	주간	40	18	8	5	26	10	6	3	4	240	12	http://www.gat.hs.kr
2018	대전	동구	공업고등학교	사립	남자	특별/광역시	계룡디지텍고등학교	주간	60	13	26	4	30	7	4	2	7	745	27	http://krt.hs.kr
2018	대전	동구	상업고등학교	사립	여자	특별/광역시	대전대성여자고등학교	주간	74	42	37	21	30	17	7	4	6	794	34	http://dsghs.djsch.kr
2018	대전	동구	공업고등학교	사립	남자	특별/광역시	동아마이스터고등학교	주간	78	16	27	6	44	7	7	3	12	598	30	http://www.dongah.hs.kr
2018	대전	중구	공업고등학교	공립	남자	특별/광역시	충남기계공업고등학교	주간	113	43	43	26	46	6	24	11	16	"1,176"	44	http://chungnam-mhhs.djsch.kr/
2018	대전	중구	상업고등학교	공립	남여공학	특별/광역시	대전국제통상고등학교	주간	74	45	31	20	30	19	13	6	5	725	32	http://www.dim.hs.kr
2018	대전	중구	상업고등학교	사립	여자	특별/광역시	대전신일여자고등학교	주간	66	29	32	14	29	12	5	3	5	795	30	http://shinilhs.djsch.kr
2018	대전	중구	상업고등학교	사립	여자	특별/광역시	대전여자상업고등학교	주간	68	44	28	19	31	18	9	7	6	824	30	http://aramhs.djsch.kr
2018	대전	유성구	농림업고등학교	공립	남여공학	특별/광역시	유성생명과학고등학교	주간	82	51	28	17	40	25	14	9	8	870	34	http://ysbsths.djsch.kr/
2018	대전	유성구	공업고등학교	공립	남여공학	특별/광역시	대전공업고등학교	주간	86	38	28	20	46	9	12	9	8	820	36	http://www.daegong.hs.kr
2018	대전	유성구	공업고등학교	공립	남여공학	특별/광역시	대전전자디자인고등학교	주간	69	34	21	10	35	13	13	11	6	375	28	http://djedhs.djsch.kr
2018	대전	유성구	공업고등학교	공립	남여공학	특별/광역시	대덕소프트웨어마이스터고등학교	주간	40	18	14	7	16	6	10	5	5	228	12	http://dsmhs.djsch.kr
2018	대전	대덕구	공업고등학교	사립	남여공학	특별/광역시	대전생활과학고등학교	주간	60	16	22	6	32	8	6	2	8	691	27	http://djpshs.djsch.kr
2018	울산	중구	공업고등학교	공립	남여공학	특별/광역시	울산애니원고등학교	주간	34	25	18	15	11	6	5	4	5	300	13	http://www.anione.hs.kr
2018	울산	남구	공업고등학교	공립	남여공학	특별/광역시	울산공업고등학교	주간	109	47	36	22	56	14	17	11	9	"1,439"	47	http://ust.hs.kr
2018	울산	남구	상업고등학교	공립	여자	특별/광역시	울산여자상업고등학교	주간	83	58	31	18	37	29	15	11	5	"1,049"	37	http://www.ulsangch.hs.kr
2018	울산	동구	가사고등학교	공립	남여공학	특별/광역시	울산생활과학고등학교	주간	77	67	27	21	41	39	9	7	5	888	33	http://www.uvhe.hs.kr
2018	울산	동구	공업고등학교	사립	남여공학	특별/광역시	현대공업고등학교	주간	54	7	14	4	24	1	16	2	5	346	18	http://hit.hs.kr
2018	울산	북구	공업고등학교	공립	남자	특별/광역시	울산마이스터고등학교	주간	59	22	19	12	35	7	5	3	4	348	18	http://www.ulsanmeister.hs.kr
2018	울산	북구	공업고등학교	공립	남여공학	특별/광역시	울산에너지고등학교	주간	58	26	21	11	28	9	9	6	7	363	20	http://www.usenergy.hs.kr/
2018	울산	울주군	공업고등학교	사립	남여공학	읍지역	울산기술공업고등학교	주간	63	20	24	5	31	12	8	3	6	728	30	http://www.ue.hs.kr
2018	울산	울주군	상업고등학교	공립	남여공학	면지역	울산산업고등학교	주간	76	50	27	15	42	30	7	5	6	855	34	http://www.usup.hs.kr
2018	울산	울주군	상업고등학교	공립	남자	읍지역	울산상업고등학교	주간	69	46	25	15	33	23	11	8	5	771	29	http://www.ulsan.hs.kr/
2018	울산	울주군	가사고등학교	공립	남여공학	면지역	울산미용예술고등학교	주간	47	39	19	13	20	19	8	7	4	442	18	http://uba.hs.kr
2018	세종	세종시	공업고등학교	공립	남여공학	면지역	세종하이텍고등학교	주간	49	23	15	8	24	8	10	7	10	401	19	http://www.sejonghi-tech.hs.kr
2018	경기	수원시	농림업고등학교	공립	남여공학	중소도시	수원농생명과학고등학교	주간	90	63	25	17	48	32	17	14	16	847	34	http://www.sunong.hs.kr
2018	경기	수원시	공업고등학교	공립	남여공학	중소도시	수원정보과학고등학교	주간	72	42	20	10	41	25	11	7	9	770	30	http://www.swjb.hs.kr
2018	경기	수원시	공업고등학교	사립	남여공학	중소도시	삼일공업고등학교	주간	101	39	39	17	47	12	15	10	11	"1,164"	42	http://www.samil-th.or.kr
2018	경기	수원시	공업고등학교	사립	남여공학	중소도시	수원공업고등학교	주간	108	26	41	14	63	10	4	2	12	"1,267"	45	http://www.sugong.org
2018	경기	수원시	공업고등학교	사립	여자	중소도시	수원전산여자고등학교	주간	73	42	26	14	37	20	10	8	8	751	30	http://www.suwoncs.hs.kr
2018	경기	수원시	상업고등학교	사립	여자	중소도시	매향여자정보고등학교	주간	84	46	33	15	41	25	10	6	6	993	36	http://www.maehyang.hs.kr
2018	경기	수원시	상업고등학교	사립	남여공학	중소도시	삼일상업고등학교	주간	81	43	33	19	37	16	11	8	5	996	36	http://www.samil.hs.kr
2018	경기	수원시	공업고등학교	공립	남여공학	중소도시	수원하이텍고등학교	주간	61	18	19	11	27	3	15	4	10	480	24	http://www.sht.hs.kr
2018	경기	성남시	공업고등학교	공립	남여공학	중소도시	성남테크노과학고등학교	주간	78	45	24	16	42	20	12	9	10	645	32	http://www.sts.hs.kr
2018	경기	성남시	공업고등학교	공립	남여공학	중소도시	양영디지털고등학교	주간	66	36	20	13	38	17	8	6	6	550	27	http://y-y.hs.kr
2018	경기	성남시	상업고등학교	공립	남여공학	중소도시	분당경영고등학교	주간	90	72	27	16	52	48	11	8	7	805	37	http://www.bundang-mgt.hs.kr
2018	경기	성남시	상업고등학교	공립	남여공학	중소도시	성남금융고등학교	주간	91	70	27	20	42	31	22	19	7	761	37	http://www.snfn.hs.kr
2018	경기	성남시	상업고등학교	사립	남여공학	중소도시	성보경영고등학교	주간	102	61	39	19	53	36	10	6	5	"1,127"	46	http://seongbo-m.hs.kr/
2018	경기	성남시	상업고등학교	사립	남여공학	중소도시	성일정보고등학교	주간	101	42	36	7	51	26	14	9	6	"1,114"	45	http://www.sungil-i.kr
2018	경기	부천시	공업고등학교	공립	남자	중소도시	부천공업고등학교	주간	123	63	36	25	67	23	20	15	12	"1,086"	50	http://www.bukong.hs.kr
2018	경기	부천시	상업고등학교	공립	남여공학	중소도시	경기국제통상고등학교	주간	91	69	29	20	47	37	15	12	7	901	39	http://www.gitra.hs.kr
2018	경기	부천시	상업고등학교	공립	남여공학	중소도시	부천정보산업고등학교	주간	96	75	31	22	49	42	16	11	8	875	39	http://www.ibucheon.hs.kr
2018	경기	부천시	상업고등학교	사립	남여공학	중소도시	경기경영고등학교	주간	75	25	28	6	39	14	8	5	6	751	34	http://gm.hs.kr
2018	경기	안양시	공업고등학교	공립	남여공학	중소도시	안양공업고등학교	주간	123	62	35	27	54	16	34	19	16	893	48	http://anyang-t.hs.kr
2018	경기	안양시	공업고등학교	공립	남여공학	중소도시	평촌공업고등학교	주간	88	43	25	18	52	19	11	6	9	887	39	http://www.pct.hs.kr
2018	경기	안양시	상업고등학교	공립	남여공학	중소도시	경기글로벌통상고등학교	주간	75	62	23	18	43	37	9	7	7	566	44	http://www.ggt.hs.kr
2018	경기	안양시	상업고등학교	공립	남여공학	중소도시	평촌경영고등학교	주간	99	80	34	27	52	45	13	8	8	987	42	http://www.pcm.hs.kr
2018	경기	안양시	상업고등학교	사립	여자	중소도시	근명여자정보고등학교	주간	63	33	24	11	33	18	6	4	5	654	30	http://www.kmg.hs.kr
2018	경기	안양시	상업고등학교	사립	여자	중소도시	안양여자상업고등학교	주간	58	32	23	11	25	14	10	7	6	588	27	http://anyang-gch.hs.kr
2018	경기	안산시	공업고등학교	사립	남여공학	중소도시	안산공업고등학교	주간	105	32	45	15	50	12	10	5	10	"1,216"	45	http://www.ansanth.net
2018	경기	안산시	상업고등학교	공립	남여공학	중소도시	경기모바일과학고등학교	주간	72	55	19	14	40	31	13	10	8	785	30	http://www.gms.hs.kr/
2018	경기	안산시	상업고등학교	사립	남여공학	중소도시	경일관광경영고등학교	주간	87	51	33	18	42	24	12	9	6	"1,002"	37	http://kyongil.hs.kr
2018	경기	안산시	상업고등학교	사립	남여공학	중소도시	안산국제비즈니스고등학교	주간	79	35	33	14	39	16	7	5	4	780	42	http://www.ansanib.hs.kr
2018	경기	안산시	상업고등학교	사립	남여공학	중소도시	안산디자인문화고등학교	주간	91	40	40	15	37	19	14	6	6	"1,065"	39	http://www.adc.hs.kr
2018	경기	안산시	상업고등학교	사립	남여공학	중소도시	한국디지털미디어고등학교	주간	39	11	20	5	16	6	3	0	6	622	18	http://www.dimigo.hs.kr
2018	경기	용인시	농림업고등학교	공립	남여공학	면지역	용인바이오고등학교	주간	29	18	8	6	15	10	6	2	4	201	10	http://www.yibio.hs.kr
2018	경기	용인시	상업고등학교	사립	남여공학	중소도시	용인정보고등학교	주간	66	27	27	10	34	13	5	4	6	750	30	http://www.yii.hs.kr
2018	경기	군포시	공업고등학교	공립	남여공학	중소도시	산본공업고등학교	주간	57	23	15	10	36	9	6	4	9	356	24	http://www.sanbon-th.hs.kr
2018	경기	군포시	상업고등학교	공립	남여공학	중소도시	군포e비즈니스고등학교	주간	86	71	26	19	40	37	20	15	8	607	41	http://www.gunpo-ebiz.hs.kr/
2018	경기	시흥시	공업고등학교	공립	남여공학	중소도시	군자디지털과학고등학교	주간	64	32	20	13	34	13	10	6	10	644	27	http://www.gunja.hs.kr
2018	경기	시흥시	공업고등학교	공립	남여공학	중소도시	시화공업고등학교	주간	62	17	18	10	35	3	9	4	8	496	30	http://sihwa.hs.kr
2018	경기	시흥시	공업고등학교	사립	남여공학	중소도시	경기자동차과학고등학교	주간	60	20	25	7	25	6	10	7	7	694	24	http://www.ghas.hs.kr
2018	경기	시흥시	가사고등학교	사립	남여공학	중소도시	한국조리과학고등학교	주간	29	15	18	7	6	5	5	3	5	734	18	http://www.kcas.hs.kr
2018	경기	평택시	공업고등학교	사립	남여공학	중소도시	동일공업고등학교	주간	71	18	23	8	39	5	9	5	8	935	30	http://di.hs.kr
2018	경기	평택시	상업고등학교	공립	남여공학	읍지역	경기물류고등학교	주간	49	29	14	7	22	13	13	9	4	468	21	http://www.ggl.hs.kr
2018	경기	평택시	상업고등학교	사립	남여공학	읍지역	청담고등학교	주간	59	22	21	8	30	9	8	5	6	764	27	http://www.cheongdam.hs.kr
2018	경기	평택시	상업고등학교	사립	남여공학	면지역	한국관광고등학교	주간	22	12	9	3	8	5	5	4	3	257	9	http://www.tourism.hs.kr
2018	경기	평택시	공업고등학교	공립	남여공학	중소도시	평택기계공업고등학교	주간	66	19	21	10	34	3	11	6	11	484	26	http://www.ptmt.hs.kr
2018	경기	화성시	농림업고등학교	공립	남여공학	읍지역	발안바이오과학고등학교	주간	32	17	12	6	13	6	7	5	8	318	12	http://www.bio.hs.kr
2018	경기	화성시	공업고등학교	사립	남여공학	중소도시	홍익디자인고등학교	주간	35	19	13	3	12	8	10	8	4	346	12	http://www.hih.hs.kr
2018	경기	오산시	상업고등학교	공립	남여공학	중소도시	오산정보고등학교	주간	72	46	21	12	32	19	19	15	7	775	30	http://www.osani.hs.kr
2018	경기	광명시	공업고등학교	사립	남여공학	중소도시	광명공업고등학교	주간	30	13	8	2	17	8	5	3	5	240	12	http://www.kmths.hs.kr
2018	경기	광명시	상업고등학교	공립	남여공학	중소도시	광명경영회계고등학교	주간	72	52	22	14	33	25	17	13	8	601	33	http://www.gmma.hs.kr
2018	경기	광주시	상업고등학교	사립	여자	중소도시	경화여자English Business고등학교	주간	34	20	15	8	15	10	4	2	4	433	15	http://www.kyunghwaeb.hs.kr
2018	경기	하남시	공업고등학교	공립	남여공학	중소도시	한국애니메이션고등학교	주간	36	24	13	6	15	11	8	7	8	307	12	http://www.anigo.or.kr
2018	경기	하남시	상업고등학교	공립	남여공학	중소도시	하남경영고등학교	주간	86	60	28	17	43	32	15	11	7	826	37	http://www.hanambiz.hs.kr
2018	경기	김포시	공업고등학교	공립	남여공학	중소도시	김포제일공업고등학교	주간	65	27	19	11	38	12	8	4	10	733	28	http://www.gptech.hs.kr
2018	경기	이천시	공업고등학교	공립	남여공학	면지역	한국도예고등학교	주간	23	11	8	3	9	4	6	4	7	213	9	http://www.doyego.hs.kr
2018	경기	이천시	상업고등학교	공립	남여공학	면지역	이천세무고등학교	주간	20	8	9	3	7	3	4	2	3	154	7	http://i-tax.hs.kr
2018	경기	안성시	농림업고등학교	공립	남여공학	면지역	일죽고등학교	주간	18	10	6	2	8	6	4	2	3	146	6	http://www.iljuk.hs.kr
2018	경기	안성시	공업고등학교	사립	남여공학	면지역	두원공업고등학교	주간	58	14	22	6	27	4	9	4	8	756	24	http://www.doowon.hs.kr
2018	경기	여주시	농림업고등학교	공립	남여공학	면지역	여주자영농업고등학교	주간	73	33	14	7	49	19	10	7	20	448	17	http://farms.hs.kr
2018	경기	여주시	상업고등학교	사립	남여공학	면지역	경기관광고등학교	주간	30	17	12	4	12	9	6	4	4	332	12	http://www.gtour.hs.kr
2018	경기	양평군	공업고등학교	공립	남여공학	면지역	양평전자과학고등학교	주간	30	7	10	3	16	3	4	1	4	284	12	http://www.ypes.hs.kr
2018	경기	고양시	농림업고등학교	공립	남여공학	중소도시	고양고등학교	주간	72	49	26	18	30	19	16	12	7	650	25	http://www.koyang.hs.kr
2018	경기	고양시	공업고등학교	공립	남여공학	중소도시	경기영상과학고등학교	주간	76	46	26	14	38	22	12	10	11	817	30	http://www.gmsh.hs.kr
2018	경기	고양시	공업고등학교	공립	남여공학	중소도시	일산고등학교	주간	76	49	20	13	43	26	13	10	8	817	30	http://www.ilsanth.hs.kr
2018	경기	고양시	상업고등학교	공립	남여공학	중소도시	신일비즈니스고등학교	주간	86	62	28	16	40	31	18	15	5	822	38	http://www.i-shinil.or.kr
2018	경기	고양시	상업고등학교	공립	남여공학	중소도시	일산국제컨벤션고등학교	주간	91	76	27	23	44	36	20	17	8	888	39	http://www.ilsan.hs.kr
2018	경기	남양주시	공업고등학교	공립	남여공학	읍지역	남양주공업고등학교	주간	61	15	19	9	36	4	6	2	9	646	28	http://www.namyangju.hs.kr
2018	경기	의정부시	공업고등학교	공립	남여공학	중소도시	의정부공업고등학교	주간	137	49	38	18	73	18	26	13	12	"1,371"	57	http://www.ujbtech.hs.kr
2018	경기	의정부시	공업고등학교	사립	남여공학	중소도시	경민IT고등학교	주간	57	23	21	5	29	14	7	4	8	656	24	http://www.kmit.hs.kr
2018	경기	의정부시	상업고등학교	사립	여자	중소도시	경민비즈니스고등학교	주간	60	30	26	11	27	14	7	5	6	690	27	http://www.kmbiz.hs.kr
2018	경기	파주시	공업고등학교	사립	남여공학	도서벽지	세경고등학교	주간	63	16	28	8	29	5	6	3	7	885	30	http://www.pjsg.hs.kr
2018	경기	파주시	상업고등학교	공립	남여공학	도서벽지	경기세무고등학교	주간	20	12	8	3	7	6	5	3	3	74	7	http://gyeonggitax.hs.kr
2018	경기	동두천시	상업고등학교	사립	남여공학	중소도시	한국문화영상고등학교	주간	53	26	17	8	29	14	7	4	5	618	24	http://kcm.hs.kr
2018	경기	양주시	가사고등학교	사립	남여공학	면지역	한국외식과학고등학교	주간	31	19	8	6	17	10	6	3	4	345	12	http://www.kfs.hs.kr
2018	경기	포천시	상업고등학교	공립	남여공학	면지역	영북고등학교	주간	23	13	10	5	8	4	5	4	2	153	11	http://youngbuk.hs.kr
2018	강원	춘천시	공업고등학교	공립	남여공학	면지역	강원애니고등학교	주간	27	17	11	5	10	8	6	4	7	177	9	http://anischool.gwe.hs.kr
2018	강원	춘천시	공업고등학교	공립	남자	중소도시	춘천기계공업고등학교	주간	115	44	30	19	67	13	18	12	14	"1,149"	42	http://ccm.gwe.hs.kr
2018	강원	춘천시	실업고등학교	공립	남여공학	중소도시	소양고등학교	주간	66	34	18	7	33	16	15	11	6	342	23	http://soyang.gwe.hs.kr
2018	강원	춘천시	실업고등학교	공립	남여공학	읍지역	춘천한샘고등학교	주간	79	56	19	14	42	28	18	14	7	758	29	http://hansaem.gwe.hs.kr
2018	강원	원주시	공업고등학교	공립	남여공학	중소도시	원주공업고등학교	주간	87	35	27	19	53	11	7	5	7	"1,001"	36	http://wonjugg.gwe.hs.kr
2018	강원	원주시	상업고등학교	공립	남여공학	면지역	원주금융회계고등학교	주간	11	8	4	2	4	4	3	2	0	75	3	http://wjfa.gwe.hs.kr
2018	강원	원주시	실업고등학교	공립	남여공학	중소도시	영서고등학교	주간	78	43	29	14	38	22	11	7	9	912	36	http://yeongseo.gwe.hs.kr
2018	강원	원주시	실업고등학교	공립	남여공학	읍지역	원주의료고등학교	주간	62	29	13	8	35	11	14	10	7	347	18	http://wonjumedi.gwe.hs.kr
2018	강원	강릉시	실업고등학교	공립	남여공학	읍지역	강릉정보공업고등학교	주간	46	23	12	5	24	13	10	5	4	353	19	http://git.gwe.hs.kr
2018	강원	강릉시	실업고등학교	공립	남자	중소도시	강릉중앙고등학교	주간	82	27	24	12	41	8	17	7	12	684	31	http://gja.gwe.hs.kr
2018	강원	동해시	상업고등학교	공립	남여공학	중소도시	동해상업고등학교	주간	42	20	15	4	19	12	8	4	4	277	14	http://donghae.gwe.hs.kr
2018	강원	태백시	공업고등학교	공립	남여공학	도서벽지	태백기계공업고등학교	주간	59	17	14	7	34	5	11	5	11	374	22	http://taebaek-mh.gwe.hs.kr
2018	강원	태백시	상업고등학교	공립	남여공학	도서벽지	황지정보산업고등학교	주간	26	13	8	4	13	7	5	2	4	119	9	http://hwangji-iih.gwe.hs.kr
2018	강원	삼척시	상업고등학교	공립	남여공학	도서벽지	도계전산정보고등학교	주간	16	5	6	3	7	2	3	0	3	62	6	http://dgs.gwe.hs.kr
2018	강원	삼척시	공업고등학교	공립	남여공학	면지역	삼척마이스터고등학교	주간	38	10	9	4	24	3	5	3	4	234	12	http://set.gwe.hs.kr
2018	강원	홍천군	농림업고등학교	공립	남여공학	읍지역	홍천농업고등학교	주간	44	22	10	7	30	14	4	1	9	240	13	http://hongnong.gwe.hs.kr
2018	강원	홍천군	가사고등학교	공립	남여공학	면지역	강원생활과학고등학교	주간	30	21	12	5	14	14	4	2	0	216	9	http://gangwonps.gwe.hs.kr
2018	강원	영월군	공업고등학교	공립	남여공학	읍지역	영월공업고등학교	주간	35	11	9	6	19	3	7	2	8	173	14	http://youngwol-th.gwe.hs.kr
2018	강원	정선군	실업고등학교	공립	남여공학	도서벽지	정선정보공업고등학교	주간	26	9	8	3	13	5	5	1	4	216	10	http://jsv.gwe.hs.kr
2018	강원	철원군	공업고등학교	공립	남여공학	도서벽지	김화공업고등학교	주간	25	6	9	2	12	2	4	2	0	121	10	http://gimhwatech.gwe.hs.kr
2018	강원	화천군	실업고등학교	공립	남여공학	읍지역	화천정보산업고등학교	주간	25	11	9	3	10	4	6	4	4	172	10	http://hcinfo.gwe.hs.kr
2018	강원	고성군	실업고등학교	공립	남여공학	읍지역	거진정보공업고등학교	주간	21	6	7	3	10	2	4	1	3	62	7	http://geojin.gwe.hs.kr
2018	강원	고성군	실업고등학교	공립	남여공학	면지역	동광산업과학고등학교	주간	45	17	15	7	24	6	6	4	0	255	18	http://dongat.gwe.hs.kr
2018	충북	청주시	농림업고등학교	공립	남여공학	중소도시	청주농업고등학교	주간	83	55	29	17	49	35	5	3	23	895	34	http://www.cheongju-agh.hs.kr
2018	충북	청주시	공업고등학교	공립	남자	중소도시	청주공업고등학교	주간	103	40	30	23	58	12	15	5	16	"1,277"	44	http://www.ck.hs.kr
2018	충북	청주시	공업고등학교	공립	남여공학	중소도시	청주하이텍고등학교	주간	43	15	15	10	20	3	8	2	7	536	20	http://cjh.hs.kr
2018	충북	청주시	공업고등학교	공립	남여공학	중소도시	충북공업고등학교	주간	89	29	22	15	61	12	6	2	13	"1,066"	36	http://cbth.hs.kr
2018	충북	청주시	상업고등학교	공립	남여공학	중소도시	충북상업정보고등학교	주간	61	35	21	10	32	21	8	4	4	838	32	http://www.cbci.hs.kr
2018	충북	청주시	상업고등학교	사립	여자	중소도시	대성여자상업고등학교	주간	60	25	23	5	28	15	9	5	5	879	30	http://cds.hs.kr
2018	충북	청주시	상업고등학교	사립	여자	중소도시	청주여자상업고등학교	주간	50	30	21	13	23	14	6	3	5	702	25	http://3croba.hs.kr
2018	충북	청주시	상업고등학교	사립	남여공학	면지역	현도정보고등학교	주간	51	17	25	11	23	6	3	0	4	608	24	http://www.hyundo.net
2018	충북	청주시	공업고등학교	공립	남여공학	면지역	충북에너지고등학교	주간	38	17	13	7	22	9	3	1	9	271	17	http://www.cbenergy.hs.kr
2018	충북	충주시	공업고등학교	공립	남여공학	중소도시	충주공업고등학교	주간	61	19	16	6	32	5	13	8	7	602	26	http://www.cjth.hs.kr
2018	충북	충주시	상업고등학교	사립	남여공학	중소도시	충주상업고등학교	주간	45	9	20	2	21	6	4	1	4	563	23	http://chungju-ch.hs.kr
2018	충북	충주시	상업고등학교	사립	여자	중소도시	한림디자인고등학교	주간	52	27	21	9	23	13	8	5	5	638	26	http://www.had.hs.kr
2018	충북	제천시	공업고등학교	공립	남여공학	읍지역	제천디지털전자고등학교	주간	39	14	12	5	20	5	7	4	6	275	16	http://jde.hs.kr
2018	충북	제천시	공업고등학교	공립	남여공학	중소도시	제천산업고등학교	주간	41	15	13	6	23	6	5	3	9	411	18	http://jci.hs.kr
2018	충북	제천시	상업고등학교	공립	남여공학	중소도시	제천상업고등학교	주간	43	27	17	10	21	15	5	2	5	491	21	http://www.jcc.hs.kr/
2018	충북	보은군	농림업고등학교	공립	남여공학	읍지역	충북생명산업고등학교	주간	38	22	11	8	19	9	8	5	11	257	15	http://cbb.hs.kr/
2018	충북	보은군	상업고등학교	공립	남여공학	읍지역	보은정보고등학교	주간	18	3	7	1	6	0	5	2	2	118	7	http://www.boeuni.hs.kr
2018	충북	옥천군	상업고등학교	공립	남여공학	읍지역	충북산업과학고등학교	주간	39	20	10	6	18	7	11	7	6	345	17	http://cbis.hs.kr
2018	충북	영동군	농림업고등학교	공립	남여공학	읍지역	영동산업과학고등학교	주간	25	12	6	3	13	6	6	3	7	206	11	http://ydis.hs.kr
2018	충북	영동군	상업고등학교	사립	남여공학	읍지역	영동인터넷고등학교	주간	25	9	10	2	11	6	4	1	4	292	12	http://ydinter.hs.kr
2018	충북	진천군	상업고등학교	공립	남여공학	읍지역	진천상업고등학교	주간	27	15	8	2	13	9	6	4	7	331	14	http://jcch.hs.kr
2018	충북	진천군	농림업고등학교	공립	남여공학	읍지역	한국바이오마이스터고등학교	주간	49	38	14	10	21	16	14	12	4	323	18	http://www.kbm.hs.kr
2018	충북	음성군	공업고등학교	공립	남여공학	읍지역	충북반도체고등학교	주간	44	14	11	6	24	5	9	3	10	326	17	http://www.cbsemi.hs.kr
2018	충북	단양군	가사고등학교	공립	남여공학	면지역	한국호텔관광고등학교	주간	26	19	12	7	7	7	7	5	7	191	8	http://www.hoteltourism.hs.kr
2018	충북	증평군	공업고등학교	공립	남여공학	읍지역	증평공업고등학교	주간	63	30	25	15	35	14	3	1	8	440	25	http://www.jptec.hs.kr
2018	충북	증평군	상업고등학교	공립	남여공학	읍지역	증평정보고등학교	주간	41	31	14	10	20	16	7	5	5	393	19	http://www.jpih.hs.kr
2018	충남	천안시	공업고등학교	공립	남여공학	중소도시	천안공업고등학교	주간	105	36	30	15	54	11	21	10	9	"1,355"	45	http://www.ct.caehs.kr/main.do
2018	충남	천안시	상업고등학교	사립	남여공학	중소도시	천안상업고등학교	주간	73	32	32	13	36	18	5	1	6	"1,112"	36	http://sanggo.caehs.kr
2018	충남	천안시	상업고등학교	사립	여자	중소도시	천안여자상업고등학교	주간	75	32	35	16	33	12	7	4	5	"1,204"	39	http://www.cays.hs.kr
2018	충남	천안시	가사고등학교	공립	남여공학	면지역	병천고등학교	주간	53	41	18	11	23	20	12	10	5	524	19	http://www.bchs.caehs.kr
2018	충남	공주시	농림업고등학교	공립	남여공학	중소도시	공주생명과학고등학교	주간	64	33	19	9	37	21	8	3	10	492	27	http://gongju-agr.cnehs.kr
2018	충남	공주시	상업고등학교	사립	남여공학	중소도시	공주정보고등학교	주간	29	14	10	5	15	7	4	2	4	251	12	http://kjis.cnehs.kr
2018	충남	공주시	공업고등학교	공립	남여공학	읍지역	공주마이스터고등학교	주간	33	9	11	4	12	1	10	4	5	239	13	http://www.gong.cnehs.kr
2018	충남	보령시	농림업고등학교	공립	남여공학	면지역	주산산업고등학교	주간	37	16	12	3	14	5	11	8	6	224	14	http://jusan.cnehs.kr
2018	충남	보령시	상업고등학교	공립	여자	중소도시	대천여자상업고등학교	주간	39	19	17	8	17	9	5	2	3	356	18	http://www.dcg.cnehs.kr
2018	충남	보령시	수산고등학교	공립	남여공학	중소도시	충남해양과학고등학교	주간	33	9	13	6	18	3	2	0	25	268	12	http://www.marine.cnehs.kr
2018	충남	아산시	공업고등학교	공립	남여공학	면지역	아산전자기계고등학교	주간	37	13	12	5	17	3	8	5	3	340	16	http://www.asanmecha.cnehs.kr
2018	충남	서산시	공업고등학교	공립	남여공학	면지역	서산공업고등학교	주간	46	13	14	3	26	6	6	4	7	415	18	http://seosan-tech.cnehs.kr
2018	충남	논산시	공업고등학교	공립	남여공학	중소도시	논산공업고등학교	주간	68	27	20	15	33	5	15	7	9	486	29	http://nstl.cnehs.kr
2018	충남	논산시	상업고등학교	공립	남여공학	읍지역	강경상업고등학교	주간	43	27	16	11	17	10	10	6	4	321	16	http://www.gangsang.hs.kr
2018	충남	논산시	상업고등학교	공립	남여공학	면지역	충남인터넷고등학교	주간	31	16	11	7	12	5	8	4	5	182	12	http://www.cihs.hs.kr
2018	충남	논산시	상업고등학교	사립	여자	중소도시	논산여자상업고등학교	주간	47	28	18	7	23	17	6	4	4	450	21	http://www.nonsan-gch.cnehs.kr
2018	충남	논산시	공업고등학교	공립	남여공학	읍지역	연무대기계공업고등학교	주간	43	6	13	3	23	2	7	1	7	290	16	http://yeonmutech.cnehs.kr
2018	충남	금산군	농림업고등학교	공립	남여공학	읍지역	금산산업고등학교	주간	37	18	8	4	19	8	10	6	6	222	13	http://kumsan-ih.cnehs.kr
2018	충남	금산군	공업고등학교	공립	남여공학	면지역	금산하이텍고등학교	주간	23	5	8	2	11	3	4	0	4	188	9	http://ksh.cnehs.kr/
2018	충남	부여군	공업고등학교	공립	남여공학	면지역	부여전자고등학교	주간	25	9	6	4	12	2	7	3	4	133	9	http://www.garim.cnehs.kr
2018	충남	부여군	상업고등학교	공립	남여공학	면지역	부여정보고등학교	주간	33	10	10	5	16	3	7	2	2	218	14	http://bishs.cnehs.kr
2018	충남	부여군	농림업고등학교	공립	남여공학	면지역	한국식품마이스터고등학교	주간	29	15	8	2	13	9	8	4	6	171	10	http://www.kfm.cnehs.kr
2018	충남	서천군	공업고등학교	공립	남여공학	읍지역	충남조선공업고등학교	주간	29	9	9	3	13	3	7	3	6	202	11	http://cnjs.cnehs.kr
2018	충남	서천군	상업고등학교	사립	여자	읍지역	서천여자정보고등학교	주간	23	13	9	8	9	3	5	2	5	96	9	http://www.sochon-i.cnehs.kr
2018	충남	홍성군	공업고등학교	공립	남여공학	면지역	홍성공업고등학교	주간	21	6	6	3	11	2	4	1	3	208	9	http://www.hstec.cnehs.kr/
2018	충남	예산군	공업고등학교	공립	남여공학	읍지역	예산전자공업고등학교	주간	48	22	12	6	25	10	11	6	6	388	19	http://yes.cnehs.kr
2018	충남	당진시	상업고등학교	공립	남여공학	중소도시	당진정보고등학교	주간	65	32	19	10	34	16	12	6	5	714	30	http://www.dangjin-ih.cnehs.kr
2018	충남	당진시	공업고등학교	공립	남자	읍지역	합덕제철고등학교	주간	42	14	14	5	20	5	8	4	5	294	16	http://steel.cnehs.kr
2018	전북	전주시	농림업고등학교	공립	남여공학	중소도시	전주생명과학고등학교	주간	71	43	21	15	35	17	15	11	11	848	33	http://www.jls.hs.kr
2018	전북	전주시	공업고등학교	공립	남여공학	중소도시	전주공업고등학교	주간	95	31	30	15	47	7	18	9	12	"1,074"	41	http://jt.hs.kr/
2018	전북	전주시	상업고등학교	공립	남여공학	중소도시	전주상업정보고등학교	주간	61	37	24	14	27	15	10	8	7	671	27	http://jgch.hs.kr/
2018	전북	전주시	상업고등학교	사립	여자	중소도시	완산여자고등학교	주간	44	18	19	10	20	7	5	1	6	500	24	http://wansan.hs.kr
2018	전북	군산시	상업고등학교	공립	남여공학	중소도시	군산상업고등학교	주간	66	40	26	17	26	11	14	12	6	748	32	http://www.gunsang.kr
2018	전북	군산시	상업고등학교	공립	여자	중소도시	군산여자상업고등학교	주간	63	47	21	13	31	24	11	10	6	760	32	http://www.gunsan-gch.hs.kr
2018	전북	군산시	공업고등학교	공립	남자	중소도시	군산기계공업고등학교	주간	62	18	17	8	36	3	9	7	9	465	23	http://www.gunsan-mh.hs.kr
2018	전북	익산시	공업고등학교	공립	남여공학	중소도시	이리공업고등학교	주간	105	39	35	23	60	12	10	4	8	"1,137"	44	http://www.jb-it.hs.kr
2018	전북	익산시	상업고등학교	사립	여자	면지역	진경여자고등학교	주간	39	18	21	12	15	5	3	1	5	405	18	http://www.jingyeong.hs.kr
2018	전북	익산시	공업고등학교	국립	남여공학	중소도시	전북기계공업고등학교	주간	117	23	37	18	41	1	39	4	43	806	41	http://cmt.or.kr
2018	전북	정읍시	농림업고등학교	공립	남여공학	중소도시	정읍제일고등학교	주간	31	14	9	4	15	5	7	5	5	227	12	http://www.jjh.hs.kr
2018	전북	정읍시	공업고등학교	공립	남여공학	면지역	칠보고등학교	주간	10	3	3	1	5	1	2	1	3	19	3	http://chilbo.hs.kr
2018	전북	정읍시	가사고등학교	사립	여자	중소도시	학산고등학교	주간	41	22	15	6	20	13	6	3	5	443	19	http://www.h-s.hs.kr
2018	전북	남원시	농림업고등학교	공립	남여공학	중소도시	남원용성고등학교	주간	32	8	9	3	18	3	5	2	5	220	14	http://yongsung.hs.kr
2018	전북	남원시	가사고등학교	사립	남여공학	중소도시	남원제일고등학교	주간	35	14	13	6	16	6	6	2	5	316	18	http://www.nfirst.hs.kr
2018	전북	남원시	농림업고등학교	공립	남여공학	읍지역	한국경마축산고등학교	주간	20	6	6	1	5	2	9	3	10	113	6	http://www.horseman.hs.kr
2018	전북	김제시	상업고등학교	사립	남여공학	중소도시	덕암정보고등학교	주간	50	20	18	6	29	13	3	1	6	596	24	http://www.deogam.hs.kr
2018	전북	김제시	농림업고등학교	공립	남여공학	중소도시	김제농생명마이스터고등학교	주간	51	25	15	6	30	16	6	3	15	336	18	http://www.kjah.hs.kr
2018	전북	완주군	공업고등학교	공립	남여공학	읍지역	삼례공업고등학교	주간	66	21	20	11	40	6	6	4	9	560	27	http://samrye.hs.kr
2018	전북	완주군	공업고등학교	사립	남여공학	면지역	한국게임과학고등학교	주간	24	3	13	2	9	1	2	0	3	197	12	http://www.game.hs.kr
2018	전북	진안군	농림업고등학교	사립	남여공학	읍지역	한국한방고등학교	주간	16	8	8	3	6	5	2	0	4	147	6	http://www.khb.hs.kr/
2018	전북	진안군	공업고등학교	공립	남여공학	읍지역	진안공업고등학교	주간	25	8	6	3	14	2	5	3	4	168	9	http://jinan.hs.kr
2018	전북	장수군	공업고등학교	공립	남여공학	면지역	장계공업고등학교	주간	20	9	8	5	7	1	5	3	4	109	7	http://www.janggye.hs.kr
2018	전북	임실군	농림업고등학교	공립	남여공학	면지역	한국치즈과학고등학교	주간	19	9	6	1	8	6	5	2	4	138	7	http://www.kcs.hs.kr
2018	전북	임실군	공업고등학교	공립	남여공학	면지역	오수고등학교	주간	17	6	7	4	6	0	4	2	4	67	7	http://osu.hs.kr
2018	전북	고창군	공업고등학교	사립	남여공학	읍지역	강호항공고등학교	주간	47	11	22	6	20	4	5	1	8	600	24	http://kangho.hs.kr
2018	전북	부안군	농림업고등학교	공립	남여공학	면지역	부안제일고등학교	주간	29	13	9	5	13	6	7	2	5	170	11	http://www.buanat.hs.kr
2018	전북	부안군	공업고등학교	공립	남여공학	면지역	줄포자동차공업고등학교	주간	18	7	6	4	7	0	5	3	5	146	7	http://www.jpm.hs.kr
2018	전남	목포시	공업고등학교	공립	남여공학	중소도시	목포공업고등학교	주간	81	31	22	11	41	7	18	13	7	778	36	http://mokpo-mt.hs.jne.kr
2018	전남	목포시	상업고등학교	사립	남여공학	중소도시	목포성신고등학교	주간	40	14	20	9	15	4	5	1	5	169	10	http://mpss.hs.jne.kr/
2018	전남	목포시	상업고등학교	사립	여자	중소도시	목포여자상업고등학교	주/야간	73	33	31	16	32	14	10	3	5	758	34	http://mpgch.hs.jene.kr
2018	전남	목포시	상업고등학교	사립	남여공학	중소도시	목포중앙고등학교	주간	41	17	13	5	20	7	8	5	4	418	18	http://mokpojoongang.hs.jne.kr
2018	전남	여수시	공업고등학교	사립	남여공학	중소도시	여수공업고등학교	주/야간	82	17	35	12	38	2	9	3	8	924	38	http://www.yeosu-th.hs.jne.kr
2018	전남	여수시	상업고등학교	사립	남여공학	중소도시	여수정보과학고등학교	주간	77	36	30	16	40	16	7	4	7	899	38	http://yosuis.hs.jne.kr
2018	전남	여수시	상업고등학교	사립	여자	중소도시	진성여자고등학교	주간	53	39	22	20	24	14	7	5	5	529	25	http://www.jsg.hs.jne.kr
2018	전남	여수시	수산고등학교	공립	남여공학	읍지역	여수해양과학고등학교	주간	22	9	7	1	12	8	3	0	5	157	9	http://ym-s.hs.jne.kr
2018	전남	여수시	공업고등학교	공립	남여공학	중소도시	여수석유화학고등학교	주간	53	23	20	14	24	5	9	4	6	321	22	http://yspetchem.hs.jne.kr
2018	전남	순천시	체육고등학교	공립	남여공학	면지역	한국바둑고등학교	주간	17	6	10	5	4	0	3	1	2	104	6	http://kbd.hs.jne.kr
2018	전남	순천시	공업고등학교	공립	남자	중소도시	순천공업고등학교	주간	82	32	33	22	43	8	6	2	8	926	39	http://sungong.hs.jne.kr
2018	전남	순천시	공업고등학교	공립	남여공학	면지역	순천전자고등학교	주간	50	24	14	6	23	11	13	7	4	400	20	http://jeonja.hs.jne.kr/
2018	전남	순천시	상업고등학교	사립	여자	중소도시	순천청암고등학교	주간	69	36	32	15	30	17	7	4	5	798	33	http://www.sca.hs.jne.kr
2018	전남	순천시	상업고등학교	사립	남여공학	중소도시	순천효산고등학교	주간	58	22	27	10	25	9	6	3	4	647	27	http://hyosan.hs.jne.kr
2018	전남	나주시	농림업고등학교	공립	남여공학	면지역	호남원예고등학교	주간	29	19	10	8	13	7	6	4	5	187	16	http://honamh.hs.jne.kr
2018	전남	나주시	공업고등학교	사립	남여공학	중소도시	나주공업고등학교	주간	40	9	17	6	20	3	3	0	6	439	18	http://naju-tech.hs.jne.kr
2018	전남	나주시	상업고등학교	공립	남여공학	중소도시	나주상업고등학교	주간	28	17	11	6	14	10	3	1	4	223	13	http://njc.hs.jne.kr
2018	전남	나주시	실업고등학교	공립	남여공학	중소도시	전남미용고등학교	주간	29	23	9	5	17	16	3	2	3	283	12	http://jn-beauty.hs.jne.kr
2018	전남	광양시	농림업고등학교	공립	남여공학	읍지역	광양하이텍고등학교	주간	55	19	14	7	26	6	15	6	5	509	25	http://gyh.hs.jne.kr
2018	전남	광양시	상업고등학교	공립	남여공학	면지역	한국항만물류고등학교	주간	42	21	14	8	23	10	5	3	7	294	15	http://kpl.hs.jne.kr
2018	전남	담양군	공업고등학교	공립	남여공학	읍지역	담양공업고등학교	주간	56	18	16	10	32	4	8	4	8	385	20	http://damyang-t.hs.jne.kr
2018	전남	곡성군	실업고등학교	공립	남여공학	읍지역	전남조리과학고등학교	주간	22	14	9	5	7	5	6	4	4	230	10	http://jcas.hs.jne.kr
2018	전남	구례군	농림업고등학교	공립	남여공학	읍지역	전남자연과학고등학교	주간	30	16	9	5	12	6	9	5	5	199	14	http://jns.hs.jne.kr
2018	전남	고흥군	공업고등학교	공립	남여공학	면지역	고흥도화고등학교	주간	15	5	6	4	7	1	2	0	5	101	6	http://ghdohwa.hs.jne.kr/
2018	전남	고흥군	공업고등학교	공립	남여공학	면지역	고흥영주고등학교	주간	13	4	6	2	5	2	2	0	3	51	3	http://youngju.hs.jne.kr
2018	전남	고흥군	상업고등학교	공립	남여공학	읍지역	고흥산업과학고등학교	주간	36	19	13	7	17	9	6	3	3	283	17	http://goheungv.hs.jne.kr
2018	전남	보성군	공업고등학교	공립	남여공학	읍지역	다향고등학교	주간	18	5	7	1	7	2	4	2	4	108	7	http://dahyangv.hs.jne.kr
2018	전남	보성군	상업고등학교	공립	남여공학	읍지역	벌교상업고등학교	주간	31	20	9	4	15	12	7	4	4	176	14	http://beolgyoc.hs.jne.kr
2018	전남	화순군	공업고등학교	공립	남여공학	읍지역	전남기술과학고등학교	주간	58	27	18	10	28	10	12	7	5	494	28	http://www.jts.hs.jne.kr
2018	전남	장흥군	농림업고등학교	공립	남여공학	읍지역	한국말산업고등학교	주간	15	5	6	3	4	2	5	0	5	63	5	http://korhorse.hs.jne.kr
2018	전남	장흥군	공업고등학교	공립	남여공학	읍지역	정남진산업고등학교	주간	34	13	12	5	15	5	7	3	5	246	18	http://jangheungsil.hs.jne.kr/
2018	전남	강진군	상업고등학교	공립	남여공학	면지역	병영상업고등학교	주간	13	5	6	2	4	2	3	1	1	73	4	http://www.joyschool.hs jne. kr
2018	전남	강진군	농림업고등학교	공립	남여공학	읍지역	전남생명과학고등학교	주간	51	28	14	9	27	12	10	7	10	291	16	http://www.jn-life.hs.jne.kr
2018	전남	해남군	공업고등학교	공립	남여공학	읍지역	해남공업고등학교	주간	64	23	19	9	34	8	11	6	7	585	33	http://haenam-tech.hs.jne.kr
2018	전남	해남군	상업고등학교	공립	남여공학	면지역	송지고등학교	주간	19	9	10	5	5	3	4	1	4	113	9	http://songji.hs.jne.kr
2018	전남	영암군	공업고등학교	공립	남여공학	면지역	구림공업고등학교	주간	22	7	8	4	9	1	5	2	6	179	9	http://gurim-tech.hs.jne.kr/
2018	전남	영암군	공업고등학교	공립	남여공학	면지역	영암전자과학고등학교	주간	17	6	6	3	6	0	5	3	4	105	7	http://shinbuket.hs.jne.kr
2018	전남	함평군	실업고등학교	공립	남여공학	면지역	전남보건고등학교	주간	26	17	12	8	11	8	3	1	4	211	9	http://jnmds.hs.jne.kr
2018	전남	영광군	공업고등학교	공립	남여공학	읍지역	영광공업고등학교	주간	39	22	11	9	19	7	9	6	4	330	18	http://yeongkwang.hs.jne.kr
2018	전남	영광군	공업고등학교	공립	남여공학	면지역	영광전자고등학교	주간	16	6	5	3	6	1	5	2	2	66	5	http://yjekec.hs.jne.kr
2018	전남	영광군	상업고등학교	공립	남여공학	면지역	법성고등학교	주간	33	20	11	7	16	10	6	3	4	200	16	http://bubsung.hs.jne.kr
2018	전남	장성군	농림업고등학교	공립	남여공학	읍지역	장성하이텍고등학교	주간	39	21	12	8	19	10	8	3	4	302	17	http://jangseongv.hs.jne.kr
2018	전남	장성군	상업고등학교	공립	남여공학	면지역	삼계고등학교	주간	18	8	8	4	5	1	5	3	4	132	6	http://samgye.hs.jne.kr
2018	전남	완도군	수산고등학교	공립	남여공학	읍지역	완도수산고등학교	주간	41	20	13	6	18	7	10	7	26	248	15	http://wandosugo.hs.jne.kr
2018	전남	진도군	공업고등학교	공립	남여공학	읍지역	진도실업고등학교	주간	31	11	10	5	16	5	5	1	3	219	14	http://www.jindosilgo.hs.jne.kr
2018	전남	신안군	상업고등학교	공립	남여공학	도서벽지	안좌고등학교	주간	16	6	9	4	3	1	4	1	4	73	7	http://anjwa.hs.jne.kr
2018	전남	신안군	상업고등학교	공립	남여공학	도서벽지	임자고등학교	주간	15	7	11	6	2	1	2	0	2	48	6	http://imja.hs.jne.kr
2018	전남	신안군	수산고등학교	공립	남여공학	읍지역	신안해양과학고등학교	주간	18	11	8	6	7	4	3	1	5	147	7	http://shinanmarine.hs.jne.kr
2018	경북	포항시	공업고등학교	공립	여자	중소도시	포항여자전자고등학교	주간	61	32	18	8	31	14	12	10	8	582	30	http://school.gyo6.net/pgeh
2018	경북	포항시	공업고등학교	공립	남여공학	읍지역	포항흥해공업고등학교	주간	70	24	22	9	38	8	10	7	10	862	33	http://www.heunghae-th.hs.kr
2018	경북	포항시	수산고등학교	공립	남여공학	중소도시	포항해양과학고등학교	주간	48	17	15	6	28	9	5	2	18	376	23	http://school.gyo6.net/pomash
2018	경북	포항시	가사고등학교	공립	남여공학	읍지역	포항과학기술고등학교	주간	21	14	7	4	11	9	3	1	2	141	8	http://psths.school.gyo6.net/
2018	경북	포항시	가사고등학교	사립	남여공학	면지역	경북간호고등학교	주간	13	8	5	1	5	5	3	2	1	97	6	http://school.gyo6.net/gbnursinghs
2018	경북	포항시	공업고등학교	사립	남자	중소도시	포항제철공업고등학교	주간	81	18	19	7	54	6	8	5	6	547	29	http://school.gyo6.net/pocheoltechhs
2018	경북	경주시	공업고등학교	공립	남여공학	중소도시	경주공업고등학교	주간	55	20	14	8	30	4	11	8	12	406	26	http://school.gyo6.net/kjth
2018	경북	경주시	공업고등학교	공립	남여공학	면지역	경주디자인고등학교	주간	27	16	9	4	9	7	9	5	5	202	10	http://school.gyo6.net/godesign
2018	경북	경주시	공업고등학교	공립	남여공학	읍지역	안강전자고등학교	주간	16	6	4	3	8	1	4	2	4	106	10	http://anganghs.school.gyo6.net
2018	경북	경주시	공업고등학교	사립	남자	면지역	신라공업고등학교	주간	55	9	21	6	29	1	5	2	10	703	27	http://www.silla.hs.kr
2018	경북	경주시	상업고등학교	공립	남여공학	읍지역	감포고등학교	주간	11	5	6	2	3	2	2	1	3	23	3	http://school.gyo6.net/gampohs
2018	경북	경주시	상업고등학교	공립	남여공학	면지역	경주마케팅고등학교	주간	6	3	1	0	3	2	2	1	2	9	2	http://school.gyo6.net/sannae/
2018	경북	경주시	상업고등학교	사립	남자	중소도시	경주정보고등학교	주간	57	15	21	7	26	5	10	3	6	678	27	http://interneths.school.gyo6.net/
2018	경북	경주시	가사고등학교	사립	여자	중소도시	경주여자정보고등학교	주간	51	31	23	15	23	14	5	2	6	585	25	http://www.newschool.hs.kr
2018	경북	경주시	가사고등학교	사립	남여공학	면지역	삼성생활예술고등학교	주간	18	8	6	2	7	3	5	3	3	224	9	http://beauty-samseong.school.gyo6.net
2018	경북	경주시	가사고등학교	사립	남여공학	읍지역	효청보건고등학교	주간	26	16	10	8	11	6	5	2	4	293	12	http://www.hyochung.hs.kr
2018	경북	김천시	농림업고등학교	공립	남여공학	중소도시	김천생명과학고등학교	주간	46	28	14	8	24	15	8	5	8	498	21	http://gimnong.school.gyo6.net
2018	경북	김천시	공업고등학교	공립	남여공학	읍지역	경북과학기술고등학교	주간	35	15	14	8	18	6	3	1	4	355	15	http://www.gst.hs.kr
2018	경북	김천시	상업고등학교	공립	남여공학	면지역	김천상업고등학교	주간	9	5	2	2	5	2	2	1	3	27	6	http://school.gyo6.net/kcch
2018	경북	안동시	농림업고등학교	공립	남여공학	중소도시	한국생명과학고등학교	주간	47	22	16	7	21	11	10	4	12	452	21	http://school.gyo6.net/hansaenghs/
2018	경북	안동시	공업고등학교	사립	남여공학	중소도시	경북하이텍고등학교	주간	39	6	15	1	17	2	7	3	8	457	19	http://school.gyo6.net/andong-techs
2018	경북	구미시	상업고등학교	공립	여자	중소도시	구미여자상업고등학교	주간	49	33	14	9	26	16	9	8	5	544	22	http://school.gyo6.net/gys
2018	경북	구미시	상업고등학교	공립	남여공학	중소도시	구미정보고등학교	주간	41	26	14	8	22	15	5	3	4	468	18	http://school.gyo6.net/gumi-infohs
2018	경북	구미시	가사고등학교	공립	남여공학	면지역	경북생활과학고등학교	주간	40	35	12	9	18	18	10	8	5	378	15	http://school.gyo6.net/gbds
2018	경북	구미시	공업고등학교	국립	남여공학	중소도시	구미전자공업고등학교	주간	122	51	29	21	76	18	17	12	39	822	42	http://gnet.hs.kr
2018	경북	구미시	공업고등학교	공립	남자	중소도시	금오공업고등학교	주간	102	29	21	15	66	5	15	9	12	597	30	http://www.koths.or.kr
2018	경북	영주시	공업고등학교	사립	남여공학	읍지역	경북항공고등학교	주간	26	3	9	2	15	1	2	0	6	322	12	http://gag.school.gyo6.net
2018	경북	영주시	가사고등학교	사립	남여공학	중소도시	영주동산고등학교	주간	35	21	15	9	15	11	5	1	4	354	17	http://school.gyo6.net/ds
2018	경북	영천시	공업고등학교	사립	남여공학	읍지역	금호공업고등학교	주간	20	2	7	1	10	1	3	0	3	242	9	http://gumhohs.school.gyo6.net/
2018	경북	영천시	공업고등학교	사립	남여공학	면지역	영천전자고등학교	주간	20	3	9	1	8	1	3	1	4	204	9	http://school.gyo6.net/yeongcheon-e/
2018	경북	영천시	농림업고등학교	공립	남여공학	면지역	경북식품과학마이스터고등학교	주간	24	14	8	5	9	5	7	4	3	119	7	http://school.gyo6.net/gfsm
2018	경북	상주시	농림업고등학교	사립	남여공학	면지역	용운고등학교	주간	23	10	9	6	7	3	7	1	5	210	13	http://www.yongun.com
2018	경북	상주시	공업고등학교	공립	남여공학	중소도시	상산전자고등학교	주간	34	13	11	5	15	4	8	4	6	274	17	http://school.gyo6.net/sangsanhs
2018	경북	상주시	공업고등학교	사립	남자	중소도시	상주공업고등학교	주간	51	5	21	1	26	3	4	1	9	642	24	http://school.gyo6.net/sanggong
2018	경북	상주시	가사고등학교	사립	여자	읍지역	상지여자상업고등학교	주간	31	15	12	4	15	9	4	2	3	307	15	http://school.gyo6.net/sangjihs
2018	경북	문경시	공업고등학교	공립	남여공학	중소도시	문경공업고등학교	주간	39	17	15	9	18	4	6	4	8	320	20	http://mungyeong-th.school.gyo6.net/
2018	경북	문경시	가사고등학교	공립	남여공학	도서벽지	경북조리과학고등학교	주간	23	15	8	5	8	7	7	3	4	192	10	http://school.gyo6.net/mgtour
2018	경북	경산시	공업고등학교	공립	남여공학	면지역	경북기계금속고등학교	주간	43	14	12	8	25	2	6	4	7	494	18	http://school.gyo6.net/gbgigo/
2018	경북	경산시	상업고등학교	사립	여자	면지역	경산여자상업고등학교	주간	33	19	14	8	17	10	2	1	1	431	15	http://gnc.school.gyo6.net
2018	경북	의성군	공업고등학교	공립	남여공학	읍지역	의성공업고등학교	주간	28	12	8	3	10	2	10	7	7	160	10	http://www.ustech.hs.kr
2018	경북	의성군	상업고등학교	공립	여자	면지역	금성여자상업고등학교	주간	8	3	1	0	5	3	2	0	3	28	6	http://keumsunghs.school.gyo6.net
2018	경북	의성군	상업고등학교	공립	남여공학	면지역	봉양정보고등학교	주간	14	7	8	6	4	1	2	0	2	48	3	http://school.gyo6.net/bymh
2018	경북	청송군	공업고등학교	사립	남여공학	면지역	청송자동차고등학교	주간	9	1	3	1	4	0	2	0	3	52	3	http://school.gyo6.net/cst
2018	경북	영덕군	상업고등학교	공립	남여공학	면지역	강구정보고등학교	주간	14	5	5	3	6	2	3	0	2	54	7	http://school.gyo6.net/ganggu-ch
2018	경북	청도군	공업고등학교	공립	남여공학	면지역	청도전자고등학교	주간	24	16	8	6	9	5	7	5	4	172	12	http://school.gyo6.net/cdehs
2018	경북	고령군	가사고등학교	공립	남여공학	읍지역	고령고등학교	주간	22	15	8	4	9	8	5	3	4	156	8	http://school.gyo6.net/goryeong
2018	경북	성주군	상업고등학교	사립	남여공학	면지역	명인정보고등학교	주간	19	11	8	5	8	6	3	0	3	189	9	http://www.myin.hs.kr
2018	경북	칠곡군	공업고등학교	공립	남여공학	면지역	칠곡고등학교	주간	16	6	7	4	4	0	5	2	2	121	5	http://school.gyo6.net/chilgokhs
2018	경북	봉화군	농림업고등학교	공립	남여공학	면지역	한국산림과학고등학교	주간	17	8	5	2	6	3	6	3	3	147	6	http://school.gyo6.net/korea-forest/
2018	경북	봉화군	상업고등학교	사립	남여공학	읍지역	경북인터넷고등학교	주간	14	5	5	4	6	1	3	0	3	121	6	http://school.gyo6.net/kbinter
2018	경북	울진군	상업고등학교	공립	남여공학	읍지역	평해정보고등학교	주간	16	4	7	1	6	1	3	2	2	86	6	http://school.gyo6.net/phhs
2018	경북	울진군	공업고등학교	공립	남자	읍지역	한국원자력마이스터고등학교	주간	42	15	13	6	22	4	7	5	4	236	12	http://pyth.school.gyo6.net
2018	경북	울릉군	수산고등학교	공립	남여공학	도서벽지	울릉고등학교	주간	22	4	11	2	7	2	4	0	3	107	10	http://school.gyo6.net/ul
2018	경남	창원시	공업고등학교	공립	남여공학	중소도시	창원기계공업고등학교	주간	118	35	38	23	69	5	11	7	12	"1,252"	51	http://yongzi.hs.kr/
2018	경남	창원시	공업고등학교	사립	남자	중소도시	마산공업고등학교	주간	61	8	26	5	31	2	4	1	8	677	30	http://magong.hs.kr
2018	경남	창원시	공업고등학교	사립	남자	중소도시	창원공업고등학교	주간	60	13	28	11	27	1	5	1	7	726	30	http://www.changwon-t.hs.kr
2018	경남	창원시	공업고등학교	사립	여자	중소도시	한일여자고등학교	주간	68	45	31	21	29	18	8	6	9	746	33	http://www.hi.hs.kr
2018	경남	창원시	상업고등학교	사립	남여공학	중소도시	경남관광고등학교	주간	67	34	23	7	33	19	11	8	6	735	32	http://www.gntour.hs.kr
2018	경남	진주시	공업고등학교	공립	남여공학	중소도시	진주기계공업고등학교	주간	70	21	21	13	43	4	6	4	7	538	27	http://www.jinju-mt.hs.kr
2018	경남	진주시	공업고등학교	사립	남여공학	중소도시	경남자동차고등학교	주간	46	8	16	3	25	3	5	2	7	477	21	http://www.gnautomobile.hs.kr/
2018	경남	진주시	공업고등학교	사립	남여공학	중소도시	경진고등학교	주간	48	12	24	6	17	2	7	4	6	412	24	http://gyeongjin-h.gne.go.kr
2018	경남	진주시	상업고등학교	공립	남여공학	중소도시	경남정보고등학교	주간	41	28	16	10	20	15	5	3	6	330	18	http://www.kninfo.hs.kr
2018	경남	진주시	상업고등학교	사립	여자	중소도시	선명여자고등학교	주간	71	42	34	20	32	19	5	3	7	698	33	http://www.sunmyung.hs.kr
2018	경남	사천시	농림업고등학교	공립	남여공학	면지역	경남자영고등학교	주간	38	18	11	5	21	8	6	5	13	267	12	http://gnjayeong-h.gne.go.kr
2018	경남	사천시	상업고등학교	사립	여자	읍지역	사천여자고등학교	주간	29	14	12	6	10	5	7	3	4	230	13	http://www.scgh.hs.kr
2018	경남	사천시	공업고등학교	공립	남여공학	중소도시	삼천포공업고등학교	주간	44	15	14	7	22	3	8	5	7	291	15	http://www.schoolinfo.go.kr/index.jsp?GS_CD=S160000592
2018	경남	김해시	농림업고등학교	공립	남여공학	중소도시	김해생명과학고등학교	주간	62	40	22	14	29	19	11	7	6	533	27	http://www.kimhae-agh.hs.kr
2018	경남	김해시	공업고등학교	공립	남여공학	중소도시	김해건설공업고등학교	주간	93	27	30	17	52	1	11	9	11	"1,039"	42	http://ghgeonseol-h.gne.go.kr/
2018	경남	김해시	상업고등학교	사립	여자	중소도시	김해한일여자고등학교	주간	54	27	24	11	23	11	7	5	6	599	24	http://khanil-h.gne.go.kr
2018	경남	김해시	실업고등학교	공립	남여공학	읍지역	진영제일고등학교	주간	26	16	8	4	11	7	7	5	6	171	10	http://jyjeil-h.gne.go.kr
2018	경남	밀양시	공업고등학교	공립	남여공학	면지역	밀양전자고등학교	주간	21	5	5	3	10	1	6	1	4	59	10	http://jeonja-h.gne.go.kr/
2018	경남	밀양시	상업고등학교	사립	여자	중소도시	밀성제일고등학교	주간	41	20	17	6	19	10	5	4	4	332	22	http://msji-h.gne.go.kr/
2018	경남	거제시	상업고등학교	공립	여자	면지역	거제여자상업고등학교	주간	33	17	13	7	17	10	3	0	6	196	18	http://ggch-h.gne.go.kr
2018	경남	거제시	실업고등학교	공립	남여공학	면지역	경남산업고등학교	주간	65	32	23	7	32	20	10	5	6	717	29	http://gni-h.gne.go.kr
2018	경남	거제시	공업고등학교	공립	남자	중소도시	거제공업고등학교	주간	63	27	18	12	35	9	10	6	7	459	24	http://www.geoje-th.hs.kr
2018	경남	의령군	상업고등학교	공립	남여공학	면지역	신반정보고등학교	주간	20	9	9	4	8	4	3	1	4	76	7	http://sinban-h.gne.go.kr/
2018	경남	함안군	상업고등학교	사립	남여공학	면지역	경남로봇고등학교	주간	18	5	7	1	7	2	4	2	3	144	6	http://www.gr.hs.kr
2018	경남	창녕군	공업고등학교	공립	남여공학	읍지역	창녕슈퍼텍고등학교	주간	31	11	9	5	15	3	7	3	3	219	14	http://cnsupertech-h.gne.go.kr
2018	경남	창녕군	공업고등학교	사립	남여공학	면지역	창녕공업고등학교	주간	28	5	11	4	11	0	6	1	5	256	12	http://cths.hs.kr
2018	경남	고성군	공업고등학교	공립	남여공학	읍지역	경남항공고등학교	주간	45	16	18	9	23	5	4	2	8	431	19	http://www.hanggong.hs.kr
2018	경남	남해군	상업고등학교	공립	남여공학	면지역	남해정보산업고등학교	주간	22	11	8	5	8	3	6	3	6	101	11	http://namhaei-h.gne.go.kr/
2018	경남	남해군	수산고등학교	공립	남여공학	면지역	경남해양과학고등학교	주간	19	6	6	2	8	2	5	2	6	104	6	http://www.gnms.hs.kr
2018	경남	산청군	실업고등학교	사립	남여공학	면지역	경남간호고등학교	주간	18	6	8	0	6	4	4	2	3	140	6	http://kpn.hs.kr
2018	경남	함양군	농림업고등학교	공립	남여공학	읍지역	함양제일고등학교	주간	41	19	17	7	19	9	5	3	6	400	21	http://www.hamyangjeil.hs.kr
2018	경남	거창군	공업고등학교	공립	남여공학	면지역	거창공업고등학교	주간	18	5	6	0	8	2	4	3	3	72	6	http://www.geochang-tech.hs.kr
2018	경남	합천군	공업고등학교	공립	남여공학	면지역	초계고등학교	주간	25	10	8	3	9	1	8	6	5	121	10	http://www.chogye.hs.kr
2018	제주	제주시	공업고등학교	공립	남여공학	읍지역	한림공업고등학교	주간	91	30	22	12	48	6	21	12	12	795	31	http://hallim-th.jje.hs.kr
2018	제주	제주시	상업고등학교	공립	여자	중소도시	제주여자상업고등학교	주간	56	36	18	7	25	20	13	9	7	685	26	http://jejugc.jje.hs.kr
2018	제주	제주시	가사고등학교	공립	남여공학	중소도시	제주고등학교	주간	79	50	33	20	28	16	18	14	14	970	36	http://jeju.jje.hs.kr
2018	제주	제주시	가사고등학교	공립	남여공학	면지역	한국뷰티고등학교	주간	26	20	9	6	14	12	3	2	5	220	9	http://kbeauty.jje.hs.kr
2018	제주	서귀포시	농림업고등학교	공립	남여공학	중소도시	서귀포산업과학고등학교	주간	72	29	15	6	40	14	17	9	16	476	25	http://sis.jje.hs.kr
2018	제주	서귀포시	가사고등학교	공립	남여공학	중소도시	중문고등학교	주간	46	33	15	8	19	17	12	8	5	454	19	http://jungmun.jje.hs.kr
